Price,Close,High,Low,Open,Volume
Ticker,TSLA,TSLA,TSLA,TSLA,TSLA
Date,,,,,
2021-11-01 00:00:00,402.8633422851562,403.25,372.8866577148438,381.6666564941406,168146100
2021-11-02 00:00:00,390.6666564941406,402.8633422851562,382,386.4533386230469,128213400
2021-11-03 00:00:00,404.6199951171875,405.1300048828125,384.2066650390625,392.4433288574219,103885500
2021-11-04 00:00:00,409.9700012207031,414.4966735839844,405.6666564941406,411.4700012207031,76192200
2021-11-05 00:00:00,407.3633422851562,413.2900085449219,402.6666564941406,409.3333435058594,64886400
2021-11-08 00:00:00,387.6466674804688,399,377.6666564941406,383.2633361816406,100337100
2021-11-09 00:00:00,341.1666564941406,391.5,337.17333984375,391.2000122070312,177317400
2021-11-10 00:00:00,355.9833374023438,359.3666687011719,329.1033325195312,336.8033447265625,128408100
2021-11-11 00:00:00,354.5033264160156,368.3233337402344,351.5599975585938,367.5899963378906,67189800
2021-11-12 00:00:00,344.4733276367188,351.5,339.7333374023438,349.1666564941406,76719300
2021-11-15 00:00:00,337.7966613769531,343.9933471679688,326.2000122070312,339.2099914550781,104326800
2021-11-16 00:00:00,351.57666015625,352.3999938964844,334.0599975585938,334.4366760253906,79627200
2021-11-17 00:00:00,363.0033264160156,373.2133178710938,351.8333435058594,354.5033264160156,94336200
2021-11-18 00:00:00,365.4599914550781,370.6666564941406,358.3399963378906,368.8500061035156,62696700
2021-11-19 00:00:00,379.0199890136719,379.5733337402344,364.2333374023438,366.2900085449219,64926900
2021-11-22 00:00:00,385.6233215332031,400.6499938964844,377.4766540527344,387.4433288574219,99217500
2021-11-23 00:00:00,369.6766662597656,393.5,354.2333374023438,389.1700134277344,108515100
2021-11-24 00:00:00,372,377.5899963378906,354,360.1300048828125,67680600
2021-11-26 00:00:00,360.6400146484375,369.5933227539062,360.3333435058594,366.489990234375,35042700
2021-11-29 00:00:00,378.9966735839844,380.8900146484375,366.7300109863281,366.9966735839844,58393500
2021-11-30 00:00:00,381.586669921875,389.3333435058594,372.6666564941406,381.4566650390625,81276000
2021-12-01 00:00:00,365,390.9466552734375,363.586669921875,386.8999938964844,68450400
2021-12-02 00:00:00,361.5333251953125,371,352.2166748046875,366.3533325195312,73114800
2021-12-03 00:00:00,338.3233337402344,363.5266723632812,333.4033203125,361.5966796875,92322000
2021-12-06 00:00:00,336.336669921875,340.5466613769531,316.8333435058594,333.836669921875,81663000
2021-12-07 00:00:00,350.5833435058594,352.5566711425781,342.2699890136719,348.0666809082031,56084700
2021-12-08 00:00:00,356.3200073242188,357.4599914550781,344.3333435058594,350.9033203125,41906400
2021-12-09 00:00:00,334.6000061035156,354.163330078125,334.1199951171875,353.5466613769531,59438400
2021-12-10 00:00:00,339.010009765625,340.32666015625,327.510009765625,336.25,59664300
2021-12-13 00:00:00,322.1366577148438,335,317.1400146484375,333.6966552734375,78595500
2021-12-14 00:00:00,319.5033264160156,322.1366577148438,310,315,70806300
2021-12-15 00:00:00,325.3299865722656,326.25,309.4166564941406,317.7366638183594,75169200
2021-12-16 00:00:00,308.9733276367188,331.6600036621094,307.2833251953125,331.5,82771500
2021-12-17 00:00:00,310.8566589355469,320.2200012207031,303.0133361816406,304.92333984375,100437300
2021-12-20 00:00:00,299.9800109863281,307.2300109863281,297.7966613769531,303.5666809082031,56480100
2021-12-21 00:00:00,312.8433227539062,313.1666564941406,295.3733215332031,305.6233215332031,71517900
2021-12-22 00:00:00,336.2900085449219,338.5533447265625,319.0166625976562,321.8866577148438,93634200
2021-12-23 00:00:00,355.6666564941406,357.6600036621094,332.5199890136719,335.6000061035156,92713200
2021-12-27 00:00:00,364.6466674804688,372.3333435058594,356.9066772460938,357.8900146484375,71145900
2021-12-28 00:00:00,362.8233337402344,373,359.4733276367188,369.8299865722656,60324000
2021-12-29 00:00:00,362.0633239746094,368,354.7133178710938,366.2133178710938,56154000
2021-12-30 00:00:00,356.7799987792969,365.1833190917969,351.0499877929688,353.7766723632812,47040900
2021-12-31 00:00:00,352.260009765625,360.6666564941406,351.5299987792969,357.8133239746094,40733700
2022-01-03 00:00:00,399.9266662597656,400.3566589355469,378.6799926757812,382.5833435058594,103931400
2022-01-04 00:00:00,383.1966552734375,402.6666564941406,374.3500061035156,396.5166625976562,100248300
2022-01-05 00:00:00,362.7066650390625,390.1133422851562,360.336669921875,382.2166748046875,80119800
2022-01-06 00:00:00,354.8999938964844,362.6666564941406,340.1666564941406,359,90336600
2022-01-07 00:00:00,342.3200073242188,360.3099975585938,336.6666564941406,360.1233215332031,84164700
2022-01-10 00:00:00,352.7066650390625,353.0333251953125,326.6666564941406,333.3333435058594,91815000
2022-01-11 00:00:00,354.7999877929688,358.6166687011719,346.2733459472656,351.2233276367188,66063300
2022-01-12 00:00:00,368.739990234375,371.6133422851562,357.5299987792969,359.6166687011719,83739000
2022-01-13 00:00:00,343.8533325195312,371.8666687011719,342.1799926757812,369.6900024414062,97209900
2022-01-14 00:00:00,349.8699951171875,350.6666564941406,337.7933349609375,339.9599914550781,72924300
2022-01-18 00:00:00,343.5033264160156,356.9299926757812,338.6866760253906,342.2033386230469,66743400
2022-01-19 00:00:00,331.8833312988281,351.5566711425781,331.6666564941406,347.2366638183594,75442500
2022-01-20 00:00:00,332.0899963378906,347.2200012207031,331.3333435058594,336.57666015625,70488600
2022-01-21 00:00:00,314.6333312988281,334.8500061035156,313.5,332.1133422851562,103416000
2022-01-24 00:00:00,310,311.1700134277344,283.8233337402344,301.586669921875,151565700
2022-01-25 00:00:00,306.1333312988281,317.086669921875,301.0700073242188,304.7333374023438,86595900
2022-01-26 00:00:00,312.4700012207031,329.2300109863281,302,317.4766540527344,104867400
2022-01-27 00:00:00,276.3666687011719,311.7966613769531,276.3333435058594,311.1199951171875,147109500
2022-01-28 00:00:00,282.1166687011719,285.8333435058594,264.0033264160156,277.1866760253906,134789100
2022-01-31 00:00:00,312.239990234375,312.663330078125,287.3500061035156,290.9033203125,104436000
2022-02-01 00:00:00,310.4166564941406,314.5666809082031,301.6666564941406,311.7366638183594,73138200
2022-02-02 00:00:00,301.8866577148438,310.5,296.4700012207031,309.3933410644531,66792900
2022-02-03 00:00:00,297.0466613769531,312.3333435058594,293.5066528320312,294,78855600
2022-02-04 00:00:00,307.7733459472656,312.1666564941406,293.7233276367188,299.0733337402344,73625400
2022-02-07 00:00:00,302.4466552734375,315.92333984375,300.9033203125,307.9299926757812,60994500
2022-02-08 00:00:00,307.3333435058594,308.7633361816406,298.2666625976562,301.8433227539062,50729100
2022-02-09 00:00:00,310.6666564941406,315.42333984375,306.6666564941406,311.6666564941406,52259400
2022-02-10 00:00:00,301.5166625976562,314.6033325195312,298.8999938964844,302.7900085449219,66126900
2022-02-11 00:00:00,286.6666564941406,305.3200073242188,283.5666809082031,303.2099914550781,79645800
2022-02-14 00:00:00,291.9200134277344,299.6266784667969,284.3833312988281,287.1900024414062,67756500
2022-02-15 00:00:00,307.4766540527344,307.6666564941406,297.7933349609375,300,57286200
2022-02-16 00:00:00,307.7966613769531,308.8099975585938,300.4033203125,304.6833190917969,51294300
2022-02-17 00:00:00,292.1166687011719,306.1666564941406,291.3666687011719,304.4200134277344,55178400
2022-02-18 00:00:00,285.6600036621094,295.6233215332031,279.2033386230469,295.3333435058594,68501700
2022-02-22 00:00:00,273.8433227539062,285.57666015625,267.0333251953125,278.0433349609375,83288100
2022-02-23 00:00:00,254.6799926757812,278.4333190917969,253.5200042724609,276.8099975585938,95256900
2022-02-24 00:00:00,266.92333984375,267.4933471679688,233.3333282470703,233.4633331298828,135322200
2022-02-25 00:00:00,269.9566650390625,273.1666564941406,260.7999877929688,269.7433471679688,76067700
2022-02-28 00:00:00,290.1433410644531,292.2866821289062,271.5700073242188,271.6700134277344,99006900
2022-03-01 00:00:00,288.1233215332031,296.6266784667969,284.5933227539062,289.8933410644531,74766900
2022-03-02 00:00:00,293.2966613769531,295.4933471679688,281.42333984375,290.7099914550781,74643300
2022-03-03 00:00:00,279.7633361816406,295.4800109863281,277.5333251953125,292.92333984375,61623600
2022-03-04 00:00:00,279.4299926757812,285.2166748046875,275.0533447265625,283.0333251953125,66999600
2022-03-07 00:00:00,268.1933288574219,288.7133178710938,268.1900024414062,285.4333190917969,72494100
2022-03-08 00:00:00,274.7999877929688,283.3299865722656,260.7233276367188,265.1766662597656,80399100
2022-03-09 00:00:00,286.3233337402344,286.8533325195312,277.336669921875,279.82666015625,59184000
2022-03-10 00:00:00,279.4333190917969,284.8166809082031,270.1199951171875,283.8166809082031,58648500
2022-03-11 00:00:00,265.1166687011719,281.2666625976562,264.5899963378906,280.0666809082031,67037100
2022-03-14 00:00:00,255.4566650390625,266.8999938964844,252.0133361816406,260.2033386230469,71152200
2022-03-15 00:00:00,267.2966613769531,268.5233459472656,252.1900024414062,258.42333984375,66841200
2022-03-16 00:00:00,280.07666015625,280.6666564941406,267.4200134277344,269.6666564941406,84028800
2022-03-17 00:00:00,290.5333251953125,291.6666564941406,275.239990234375,276.9966735839844,66582900
2022-03-18 00:00:00,301.7966613769531,302.6166687011719,289.1300048828125,291.4966735839844,100414200
2022-03-21 00:00:00,307.0533447265625,314.2833251953125,302.3633422851562,304.9933471679688,81981600
2022-03-22 00:00:00,331.32666015625,332.6199951171875,307.25,310,105868500
2022-03-23 00:00:00,333.0366821289062,346.8999938964844,325.4666748046875,326.6466674804688,120676200
2022-03-24 00:00:00,337.9733276367188,341.4966735839844,329.6000061035156,336.57666015625,68920800
2022-03-25 00:00:00,336.8800048828125,340.6000061035156,332.4400024414062,336,62031600
2022-03-28 00:00:00,363.9466552734375,365.9599914550781,351.2000122070312,355.0333251953125,102506100
2022-03-29 00:00:00,366.5233459472656,371.5899963378906,357.7033386230469,369.3299865722656,73614900
2022-03-30 00:00:00,364.663330078125,371.3166809082031,361.3333435058594,363.7233276367188,59865000
2022-03-31 00:00:00,359.2000122070312,367.7133178710938,358.8800048828125,364.8566589355469,48992700
2022-04-01 00:00:00,361.5299987792969,364.9166564941406,355.5466613769531,360.3833312988281,54263100
2022-04-04 00:00:00,381.8166809082031,383.3033447265625,357.510009765625,363.1266784667969,82035900
2022-04-05 00:00:00,363.7533264160156,384.2900085449219,362.4333190917969,378.7666625976562,80075100
2022-04-06 00:00:00,348.586669921875,359.6666564941406,342.5666809082031,357.8233337402344,89348400
2022-04-07 00:00:00,352.4200134277344,358.8633422851562,340.5133361816406,350.7966613769531,79447200
2022-04-08 00:00:00,341.8299865722656,349.4800109863281,340.8133239746094,347.7366638183594,55013700
2022-04-11 00:00:00,325.3099975585938,336.1566772460938,324.8800048828125,326.7999877929688,59357100
2022-04-12 00:00:00,328.9833374023438,340.3966674804688,325.5333251953125,332.5466613769531,65976000
2022-04-13 00:00:00,340.7900085449219,342.0799865722656,324.3666687011719,327.0266723632812,55121100
2022-04-14 00:00:00,328.3333435058594,337.5700073242188,327.3966674804688,333.0966796875,58422300
2022-04-18 00:00:00,334.7633361816406,338.3066711425781,324.4700012207031,329.6766662597656,51715200
2022-04-19 00:00:00,342.7166748046875,344.9800109863281,331.7766723632812,335.0199890136719,49847700
2022-04-20 00:00:00,325.7333374023438,344.6666564941406,325.0833435058594,343.3333435058594,70711200
2022-04-21 00:00:00,336.260009765625,364.0733337402344,332.1400146484375,358.2433471679688,105416400
2022-04-22 00:00:00,335.0166625976562,344.9500122070312,331.3333435058594,338.3033447265625,69696600
2022-04-25 00:00:00,332.67333984375,336.2066650390625,325.1000061035156,326.3233337402344,68341200
2022-04-26 00:00:00,292.1400146484375,333.3333435058594,291.6666564941406,331.8099975585938,136133700
2022-04-27 00:00:00,293.836669921875,306,292.4533386230469,299.5266723632812,76956300
2022-04-28 00:00:00,292.5033264160156,300,273.8999938964844,299.9933471679688,124948500
2022-04-29 00:00:00,290.2533264160156,311.4666748046875,290,300.75,88133100
2022-05-02 00:00:00,300.9800109863281,302.1199951171875,282.6766662597656,286.92333984375,75781500
2022-05-03 00:00:00,303.0833435058594,308.0266723632812,296.1966552734375,301.0599975585938,63709500
2022-05-04 00:00:00,317.5400085449219,318.5,295.0933227539062,301.3133239746094,81643800
2022-05-05 00:00:00,291.0933227539062,315.2000122070312,285.8999938964844,313.0066528320312,92519100
2022-05-06 00:00:00,288.5499877929688,296,281.0366821289062,295.6666564941406,72903000
2022-05-09 00:00:00,262.3699951171875,281.8766784667969,260.3833312988281,278.8166809082031,90810300
2022-05-10 00:00:00,266.6799926757812,275.1199951171875,258.0833435058594,273.1033325195312,84401700
2022-05-11 00:00:00,244.6666717529297,269.92333984375,242.3999938964844,265,97224600
2022-05-12 00:00:00,242.6666717529297,253.2200012207031,226.6666717529297,233.6666717529297,140313000
2022-05-13 00:00:00,256.5299987792969,262.4500122070312,250.5233306884766,257.82666015625,92150700
2022-05-16 00:00:00,241.4566650390625,256.586669921875,239.6966705322266,255.7200012207031,86098500
2022-05-17 00:00:00,253.8699951171875,254.82666015625,242.9499969482422,249.1199951171875,80236200
2022-05-18 00:00:00,236.6033325195312,253.5,233.6033325195312,248.17333984375,87811800
2022-05-19 00:00:00,236.4733276367188,244.6666717529297,231.3699951171875,235.6666717529297,90296700
2022-05-20 00:00:00,221.3000030517578,240.5266723632812,211,237.9966735839844,144973200
2022-05-23 00:00:00,224.9666595458984,226.6533355712891,212.6866607666016,218.3399963378906,88903500
2022-05-24 00:00:00,209.3866729736328,217.9733276367188,206.8566741943359,217.8433380126953,89092500
2022-05-25 00:00:00,219.6000061035156,223.1066741943359,207.6699981689453,207.9499969482422,92139300
2022-05-26 00:00:00,235.9100036621094,239.5566711425781,217.8866729736328,220.4733276367188,106003200
2022-05-27 00:00:00,253.2100067138672,253.2666625976562,240.1766662597656,241.0833282470703,89295000
2022-05-31 00:00:00,252.7533264160156,259.6000061035156,244.7433319091797,257.9466552734375,101914500
2022-06-01 00:00:00,246.7899932861328,257.32666015625,243.6399993896484,251.7200012207031,77247900
2022-06-02 00:00:00,258.3333435058594,264.2099914550781,242.0666656494141,244.1566619873047,93473100
2022-06-03 00:00:00,234.5166625976562,247.7966613769531,233.4166717529297,243.2266693115234,112393800
2022-06-06 00:00:00,238.2799987792969,244.8666687011719,234.3500061035156,244.3533325195312,84204600
2022-06-07 00:00:00,238.8866729736328,239.9966735839844,230.0933380126953,234,72808500
2022-06-08 00:00:00,241.8666687011719,249.9633331298828,239.1766662597656,240.086669921875,76210500
2022-06-09 00:00:00,239.7066650390625,255.5466613769531,239.32666015625,249.3399963378906,96491400
2022-06-10 00:00:00,232.2299957275391,239.5,227.913330078125,235.1566619873047,97536600
2022-06-13 00:00:00,215.7366638183594,226.6333312988281,214.6833343505859,223.1666717529297,102767400
2022-06-14 00:00:00,220.8899993896484,226.3300018310547,211.7366638183594,218.2866668701172,97988700
2022-06-15 00:00:00,233,235.663330078125,218.1499938964844,220.9166717529297,119131800
2022-06-16 00:00:00,213.1000061035156,225.1666717529297,208.6933288574219,222.7366638183594,107390700
2022-06-17 00:00:00,216.7599945068359,220.9700012207031,213.1966705322266,213.4333343505859,92641800
2022-06-21 00:00:00,237.0366668701172,243.57666015625,224.3333282470703,224.6033325195312,122793000
2022-06-22 00:00:00,236.086669921875,246.8333282470703,233.82666015625,234.5033264160156,101107500
2022-06-23 00:00:00,235.0700073242188,239.3166656494141,228.6366729736328,237.9066619873047,104202600
2022-06-24 00:00:00,245.7066650390625,246.0666656494141,236.086669921875,237.4700012207031,95770800
2022-06-27 00:00:00,244.9199981689453,252.0700073242188,242.5666656494141,249.3666687011719,89178300
2022-06-28 00:00:00,232.663330078125,249.9700012207031,232.3433380126953,244.4833374023438,90391200
2022-06-29 00:00:00,228.4900054931641,231.17333984375,222.2733306884766,230.5,82897200
2022-06-30 00:00:00,224.4733276367188,229.4566650390625,218.8633270263672,224.5099945068359,94600500
2022-07-01 00:00:00,227.2633361816406,230.2299957275391,222.1199951171875,227,74460300
2022-07-05 00:00:00,233.0666656494141,233.1466674804688,216.1666717529297,223,84581100
2022-07-06 00:00:00,231.7333374023438,234.5633392333984,227.1866607666016,230.7799987792969,71853600
2022-07-07 00:00:00,244.5433349609375,245.3633270263672,232.2100067138672,233.9199981689453,81930600
2022-07-08 00:00:00,250.7633361816406,254.9799957275391,241.1600036621094,242.3333282470703,101854200
2022-07-11 00:00:00,234.3433380126953,253.0633392333984,233.6266632080078,252.1033325195312,99241200
2022-07-12 00:00:00,233.0700073242188,239.7733306884766,228.3699951171875,236.8466644287109,87930900
2022-07-13 00:00:00,237.0399932861328,242.0599975585938,225.0333404541016,225.5,97954500
2022-07-14 00:00:00,238.3133392333984,238.6533355712891,229.3333282470703,234.8966674804688,78557400
2022-07-15 00:00:00,240.0666656494141,243.6233367919922,236.8899993896484,240,69683100
2022-07-18 00:00:00,240.5466613769531,250.5166625976562,239.6033325195312,244.9366607666016,82537500
2022-07-19 00:00:00,245.5299987792969,247.1399993896484,236.9766693115234,245,80890200
2022-07-20 00:00:00,247.5,250.663330078125,243.4833374023438,246.7833404541016,88864200
2022-07-21 00:00:00,271.7066650390625,273.2666625976562,254.8666687011719,255.1066741943359,142032300
2022-07-22 00:00:00,272.2433471679688,280.7866821289062,270.7133178710938,276.2200012207031,103472700
2022-07-25 00:00:00,268.4333190917969,274.1466674804688,267.3999938964844,272.2166748046875,64073400
2022-07-26 00:00:00,258.8599853515625,267.3099975585938,256.2633361816406,266.5133361816406,66820800
2022-07-27 00:00:00,274.8200073242188,275.9266662597656,261.7900085449219,263.8099975585938,88110000
2022-07-28 00:00:00,280.8999938964844,283.2999877929688,272.7999877929688,280.0666809082031,84723000
2022-07-29 00:00:00,297.1499938964844,298.3200073242188,279.1000061035156,280.7000122070312,95313000
2022-08-01 00:00:00,297.2766723632812,311.8766784667969,295,301.2766723632812,117042900
2022-08-02 00:00:00,300.586669921875,307.8333435058594,292.6666564941406,294.0033264160156,95577600
2022-08-03 00:00:00,307.3966674804688,309.5499877929688,301.1499938964844,305,80091000
2022-08-04 00:00:00,308.6333312988281,313.6066589355469,305,311,72256200
2022-08-05 00:00:00,288.1700134277344,304.6066589355469,285.5433349609375,302.6700134277344,113172900
2022-08-08 00:00:00,290.42333984375,305.2000122070312,289.086669921875,295,98994000
2022-08-09 00:00:00,283.3333435058594,292.3966674804688,279.3533325195312,290.2933349609375,86244600
2022-08-10 00:00:00,294.3566589355469,297.510009765625,283.3699951171875,297.0666809082031,94918800
2022-08-11 00:00:00,286.6300048828125,298.2366638183594,285.8333435058594,296.5133361816406,70155000
2022-08-12 00:00:00,300.0299987792969,300.1600036621094,285.0333251953125,289.4166564941406,79657200
2022-08-15 00:00:00,309.3200073242188,313.1333312988281,301.2300109863281,301.7866821289062,89359200
2022-08-16 00:00:00,306.5633239746094,314.6666564941406,302.8833312988281,311.6666564941406,88136400
2022-08-17 00:00:00,303.9966735839844,309.6566772460938,300.0333251953125,303.3966674804688,68766000
2022-08-18 00:00:00,302.8699951171875,306.5,301.8533325195312,306,47500500
2022-08-19 00:00:00,296.6666564941406,300.3599853515625,292.5,299,61395300
2022-08-22 00:00:00,289.913330078125,292.3999938964844,286.2966613769531,291.913330078125,55843200
2022-08-23 00:00:00,296.4533386230469,298.82666015625,287.92333984375,291.4533386230469,63984900
2022-08-24 00:00:00,297.0966796875,303.6466674804688,296.5,297.5633239746094,57259800
2022-08-25 00:00:00,296.0700073242188,302.9599914550781,291.6000061035156,302.3599853515625,53230000
2022-08-26 00:00:00,288.0899963378906,302,287.4700012207031,297.4299926757812,57163900
2022-08-29 00:00:00,284.8200073242188,287.739990234375,280.7000122070312,282.8299865722656,41864700
2022-08-30 00:00:00,277.7000122070312,288.4800109863281,272.6499938964844,287.8699951171875,50541800
2022-08-31 00:00:00,275.6099853515625,281.25,271.8099975585938,280.6199951171875,52107300
2022-09-01 00:00:00,277.1600036621094,277.5799865722656,266.1499938964844,272.5799865722656,54287000
2022-09-02 00:00:00,270.2099914550781,282.3500061035156,269.0799865722656,281.0700073242188,50890100
2022-09-06 00:00:00,274.4200134277344,275.989990234375,265.739990234375,272.6799926757812,55860000
2022-09-07 00:00:00,283.7000122070312,283.8399963378906,272.2699890136719,273.1000061035156,50028900
2022-09-08 00:00:00,289.260009765625,289.5,279.760009765625,281.2999877929688,53713100
2022-09-09 00:00:00,299.6799926757812,299.8500061035156,291.25,291.6700134277344,54338100
2022-09-12 00:00:00,304.4200134277344,305.489990234375,300.3999938964844,300.7200012207031,48674600
2022-09-13 00:00:00,292.1300048828125,297.3999938964844,290.3999938964844,292.8999938964844,68229600
2022-09-14 00:00:00,302.6099853515625,306,291.6400146484375,292.239990234375,72628700
2022-09-15 00:00:00,303.75,309.1199951171875,300.7200012207031,301.8299865722656,64795500
2022-09-16 00:00:00,303.3500061035156,303.7099914550781,295.6000061035156,299.6099853515625,87087800
2022-09-19 00:00:00,309.0700073242188,309.8399963378906,297.7999877929688,300.0899963378906,60231200
2022-09-20 00:00:00,308.7300109863281,313.3299865722656,305.5799865722656,306.9100036621094,61642800
2022-09-21 00:00:00,300.7999877929688,313.7999877929688,300.6300048828125,308.2900085449219,62555700
2022-09-22 00:00:00,288.5899963378906,301.2900085449219,285.8200073242188,299.8599853515625,70545400
2022-09-23 00:00:00,275.3299865722656,284.5,272.8200073242188,283.0899963378906,63748400
2022-09-26 00:00:00,276.010009765625,284.0899963378906,270.3099975585938,271.8299865722656,58076900
2022-09-27 00:00:00,282.9400024414062,288.6700134277344,277.510009765625,283.8399963378906,61925200
2022-09-28 00:00:00,287.8099975585938,289,277.5700073242188,283.0799865722656,54664800
2022-09-29 00:00:00,268.2099914550781,283.6499938964844,265.7799987792969,282.760009765625,77620600
2022-09-30 00:00:00,265.25,275.5700073242188,262.4700012207031,266.1499938964844,67726600
2022-10-03 00:00:00,242.3999938964844,255.1600036621094,241.0099945068359,254.5,98363500
2022-10-04 00:00:00,249.4400024414062,257.5,242.0099945068359,250.5200042724609,109578500
2022-10-05 00:00:00,240.8099975585938,246.6699981689453,233.2700042724609,245.0099945068359,86982700
2022-10-06 00:00:00,238.1300048828125,244.5800018310547,235.3500061035156,239.4400024414062,69298400
2022-10-07 00:00:00,223.0700073242188,234.5700073242188,222.0200042724609,233.9400024414062,83916800
2022-10-10 00:00:00,222.9600067138672,226.9900054931641,218.3600006103516,223.9299926757812,67925000
2022-10-11 00:00:00,216.5,225.75,215,220.9499969482422,77013200
2022-10-12 00:00:00,217.2400054931641,219.3000030517578,211.5099945068359,215.3300018310547,66860700
2022-10-13 00:00:00,221.7200012207031,222.9900054931641,206.2200012207031,208.3000030517578,91483000
2022-10-14 00:00:00,204.9900054931641,226.2599945068359,204.1600036621094,224.0099945068359,94124500
2022-10-17 00:00:00,219.3500061035156,221.8600006103516,209.4499969482422,210.0399932861328,79428800
2022-10-18 00:00:00,220.1900024414062,229.8200073242188,217.25,229.5,75891900
2022-10-19 00:00:00,222.0399932861328,222.9299926757812,217.7799987792969,219.8000030517578,66571500
2022-10-20 00:00:00,207.2799987792969,215.5500030517578,202,208.2799987792969,117798100
2022-10-21 00:00:00,214.4400024414062,214.6600036621094,203.8000030517578,206.4199981689453,75713800
2022-10-24 00:00:00,211.25,213.5,198.5899963378906,205.8200073242188,100446800
2022-10-25 00:00:00,222.4199981689453,224.3500061035156,210,210.1000061035156,96507900
2022-10-26 00:00:00,224.6399993896484,230.6000061035156,218.1999969482422,219.3999938964844,85012500
2022-10-27 00:00:00,225.0899963378906,233.8099975585938,222.8500061035156,229.7700042724609,61638800
2022-10-28 00:00:00,228.5200042724609,228.8600006103516,216.3500061035156,225.3999938964844,69152400
2022-10-31 00:00:00,227.5399932861328,229.8500061035156,221.9400024414062,226.1900024414062,61554300
2022-11-01 00:00:00,227.8200073242188,237.3999938964844,227.2799987792969,234.0500030517578,62688800
2022-11-02 00:00:00,214.9799957275391,227.8699951171875,214.8200073242188,226.0399932861328,63070300
2022-11-03 00:00:00,215.3099975585938,221.1999969482422,210.1399993896484,211.3600006103516,56538800
2022-11-04 00:00:00,207.4700012207031,223.8000030517578,203.0800018310547,222.6000061035156,98622200
2022-11-07 00:00:00,197.0800018310547,208.8999938964844,196.6600036621094,208.6499938964844,93916500
2022-11-08 00:00:00,191.3000030517578,195.1999969482422,186.75,194.0200042724609,128803400
2022-11-09 00:00:00,177.5899963378906,195.8899993896484,177.1199951171875,190.7799987792969,127062700
2022-11-10 00:00:00,190.7200012207031,191,180.0299987792969,189.8999938964844,132703000
2022-11-11 00:00:00,195.9700012207031,196.5200042724609,182.5899963378906,186,114403600
2022-11-14 00:00:00,190.9499969482422,195.7299957275391,186.3399963378906,192.7700042724609,92226600
2022-11-15 00:00:00,194.4199981689453,200.8200073242188,192.0599975585938,195.8800048828125,91293800
2022-11-16 00:00:00,186.9199981689453,192.5700073242188,185.6600036621094,191.5099945068359,66567600
2022-11-17 00:00:00,183.1699981689453,186.1600036621094,180.8999938964844,183.9600067138672,64336000
2022-11-18 00:00:00,180.1900024414062,185.1900024414062,176.5500030517578,185.0500030517578,76048900
2022-11-21 00:00:00,167.8699951171875,176.7700042724609,167.5399932861328,175.8500061035156,92882700
2022-11-22 00:00:00,169.9100036621094,170.9199981689453,166.1900024414062,168.6300048828125,78452300
2022-11-23 00:00:00,183.1999969482422,183.6199951171875,172.5,173.5700073242188,109536700
2022-11-25 00:00:00,182.8600006103516,185.1999969482422,180.6300048828125,185.0599975585938,50672700
2022-11-28 00:00:00,182.9199981689453,188.5,179,179.9600067138672,92905200
2022-11-29 00:00:00,180.8300018310547,186.3800048828125,178.75,184.9900054931641,83357100
2022-11-30 00:00:00,194.6999969482422,194.7599945068359,180.6300048828125,182.4299926757812,109186400
2022-12-01 00:00:00,194.6999969482422,198.9199981689453,191.8000030517578,197.0800018310547,80046200
2022-12-02 00:00:00,194.8600006103516,196.25,191.1100006103516,191.7799987792969,73645900
2022-12-05 00:00:00,182.4499969482422,191.2700042724609,180.5500030517578,189.4400024414062,93122700
2022-12-06 00:00:00,179.8200073242188,183.6499938964844,175.3300018310547,181.2200012207031,92150800
2022-12-07 00:00:00,174.0399932861328,179.3800048828125,172.2200012207031,175.0299987792969,84213300
2022-12-08 00:00:00,173.4400024414062,175.1999969482422,169.0599975585938,172.1999969482422,97624500
2022-12-09 00:00:00,179.0500030517578,182.5,173.3600006103516,173.8399963378906,104872300
2022-12-12 00:00:00,167.8200073242188,177.3699951171875,167.5200042724609,176.1000061035156,109794500
2022-12-13 00:00:00,160.9499969482422,175.0500030517578,156.9100036621094,174.8699951171875,175862700
2022-12-14 00:00:00,156.8000030517578,161.6199951171875,155.3099975585938,159.25,140682300
2022-12-15 00:00:00,157.6699981689453,160.9299926757812,153.2799987792969,153.4400024414062,122334500
2022-12-16 00:00:00,150.2299957275391,160.9900054931641,150.0399932861328,159.6399993896484,139032200
2022-12-19 00:00:00,149.8699951171875,155.25,145.8200073242188,154,139390600
2022-12-20 00:00:00,137.8000030517578,148.4700012207031,137.6600036621094,146.0500030517578,159563300
2022-12-21 00:00:00,137.5700073242188,141.2599945068359,135.8899993896484,139.3399963378906,145417400
2022-12-22 00:00:00,125.3499984741211,136.6300048828125,122.2600021362305,136,210090300
2022-12-23 00:00:00,123.1500015258789,128.6199951171875,121.0199966430664,126.370002746582,166989700
2022-12-27 00:00:00,109.0999984741211,119.6699981689453,108.7600021362305,117.5,208643400
2022-12-28 00:00:00,112.7099990844727,116.2699966430664,108.2399978637695,110.3499984741211,221070500
2022-12-29 00:00:00,121.8199996948242,123.5699996948242,117.5,120.3899993896484,221923300
2022-12-30 00:00:00,123.1800003051758,124.4800033569336,119.75,119.9499969482422,157777300
2023-01-03 00:00:00,108.0999984741211,118.8000030517578,104.6399993896484,118.4700012207031,231402800
2023-01-04 00:00:00,113.6399993896484,114.5899963378906,107.5199966430664,109.1100006103516,180389000
2023-01-05 00:00:00,110.3399963378906,111.75,107.1600036621094,110.5100021362305,157986300
2023-01-06 00:00:00,113.0599975585938,114.3899993896484,101.8099975585938,103,220911100
2023-01-09 00:00:00,119.7699966430664,123.5199966430664,117.1100006103516,118.9599990844727,190284000
2023-01-10 00:00:00,118.8499984741211,122.7600021362305,114.9199981689453,121.0699996948242,167642500
2023-01-11 00:00:00,123.2200012207031,125.9499969482422,120.5100021362305,122.0899963378906,183810800
2023-01-12 00:00:00,123.5599975585938,124.129997253418,117,122.5599975585938,169400900
2023-01-13 00:00:00,122.4000015258789,122.629997253418,115.5999984741211,116.5500030517578,180714100
2023-01-17 00:00:00,131.4900054931641,131.6999969482422,125.0199966430664,125.6999969482422,186477000
2023-01-18 00:00:00,128.7799987792969,136.6799926757812,127.0100021362305,136.5599975585938,195680300
2023-01-19 00:00:00,127.1699981689453,129.9900054931641,124.3099975585938,127.2600021362305,170291900
2023-01-20 00:00:00,133.4199981689453,133.5099945068359,127.3499984741211,128.6799926757812,138858100
2023-01-23 00:00:00,143.75,145.3800048828125,134.2700042724609,135.8699951171875,203119200
2023-01-24 00:00:00,143.8899993896484,146.5,141.1000061035156,143,158699100
2023-01-25 00:00:00,144.4299926757812,146.4100036621094,138.0700073242188,141.9100036621094,192734300
2023-01-26 00:00:00,160.2700042724609,161.4199981689453,154.7599945068359,159.9700012207031,234815100
2023-01-27 00:00:00,177.8999938964844,180.6799926757812,161.1699981689453,162.4299926757812,306590600
2023-01-30 00:00:00,166.6600036621094,179.7700042724609,166.5,178.0500030517578,230878800
2023-01-31 00:00:00,173.2200012207031,174.3000030517578,162.7799987792969,164.5700073242188,196813500
2023-02-01 00:00:00,181.4100036621094,183.8099975585938,169.9299926757812,173.8899993896484,213806300
2023-02-02 00:00:00,188.2700042724609,196.75,182.6100006103516,187.3300018310547,217448300
2023-02-03 00:00:00,189.9799957275391,199,183.6900024414062,183.9499969482422,232662000
2023-02-06 00:00:00,194.7599945068359,198.1699981689453,189.9199981689453,193.0099945068359,186188100
2023-02-07 00:00:00,196.8099975585938,197.5,189.5500030517578,196.4299926757812,186010300
2023-02-08 00:00:00,201.2899932861328,203,194.3099975585938,196.1000061035156,180673600
2023-02-09 00:00:00,207.3200073242188,214,204.7700042724609,207.7799987792969,215431400
2023-02-10 00:00:00,196.8899993896484,206.1999969482422,192.8899993896484,202.2299957275391,204754100
2023-02-13 00:00:00,194.6399993896484,196.3000030517578,187.6100006103516,194.4199981689453,172475500
2023-02-14 00:00:00,209.25,209.8200073242188,189.4400024414062,191.9400024414062,216455700
2023-02-15 00:00:00,214.2400054931641,214.6600036621094,206.1100006103516,211.7599945068359,181006400
2023-02-16 00:00:00,202.0399932861328,217.6499938964844,201.8399963378906,210.7799987792969,229586500
2023-02-17 00:00:00,208.3099975585938,208.4400024414062,197.5,199.9900054931641,213738500
2023-02-21 00:00:00,197.3699951171875,209.7100067138672,197.2200012207031,204.9900054931641,180018600
2023-02-22 00:00:00,200.8600006103516,201.9900054931641,191.7799987792969,197.9299926757812,191828500
2023-02-23 00:00:00,202.0700073242188,205.1399993896484,196.3300018310547,203.9100036621094,146360000
2023-02-24 00:00:00,196.8800048828125,197.6699981689453,192.8000030517578,196.3300018310547,142228100
2023-02-27 00:00:00,207.6300048828125,209.4199981689453,201.2599945068359,202.0299987792969,161028300
2023-02-28 00:00:00,205.7100067138672,211.2299957275391,203.75,210.5899963378906,153144900
2023-03-01 00:00:00,202.7700042724609,207.1999969482422,198.5200042724609,206.2100067138672,156852800
2023-03-02 00:00:00,190.8999938964844,193.75,186.0099945068359,186.7400054931641,181500700
2023-03-03 00:00:00,197.7899932861328,200.4799957275391,192.8800048828125,194.8000030517578,154193300
2023-03-06 00:00:00,193.8099975585938,198.6000061035156,192.3000030517578,198.5399932861328,128100100
2023-03-07 00:00:00,187.7100067138672,194.1999969482422,186.1000061035156,191.3800048828125,148125800
2023-03-08 00:00:00,182,186.5,180,185.0399932861328,151897800
2023-03-09 00:00:00,172.9199981689453,185.1799926757812,172.5099945068359,180.25,170023800
2023-03-10 00:00:00,173.4400024414062,178.2899932861328,168.4400024414062,175.1300048828125,191488900
2023-03-13 00:00:00,174.4799957275391,177.3500061035156,163.9100036621094,167.4600067138672,167790300
2023-03-14 00:00:00,183.2599945068359,183.8000030517578,177.1399993896484,177.3099975585938,143717900
2023-03-15 00:00:00,180.4499969482422,182.3399963378906,176.0299987792969,180.8000030517578,145995600
2023-03-16 00:00:00,184.1300048828125,185.8099975585938,178.8399963378906,180.3699951171875,121136800
2023-03-17 00:00:00,180.1300048828125,186.2200012207031,177.3300018310547,184.5200042724609,133197100
2023-03-20 00:00:00,183.25,186.4400024414062,176.3500061035156,178.0800018310547,129684400
2023-03-21 00:00:00,197.5800018310547,198,188.0399932861328,188.2799987792969,153391400
2023-03-22 00:00:00,191.1499938964844,200.6600036621094,190.9499969482422,199.3000030517578,150376400
2023-03-23 00:00:00,192.2200012207031,199.3099975585938,188.6499938964844,195.2599945068359,144193900
2023-03-24 00:00:00,190.4100036621094,192.3600006103516,187.1499938964844,191.6499938964844,116312400
2023-03-27 00:00:00,191.8099975585938,197.3899993896484,189.9400024414062,194.4199981689453,120851600
2023-03-28 00:00:00,189.1900024414062,192.3500061035156,185.4299926757812,192,98654600
2023-03-29 00:00:00,193.8800048828125,195.2899932861328,189.4400024414062,193.1300048828125,123660000
2023-03-30 00:00:00,195.2799987792969,197.3300018310547,194.4199981689453,195.5800018310547,110252200
